[{
  "header": "Image Search",
  "title": "Viewed image from layoutix.com",
  "titleUrl": "https://www.google.com/url?q\u003dhttps://layoutix.com/266-large_default/modello-di-carta-intestata-word-turchese-scuro.jpg\u0026usg\u003dAOvVaw2SAY9nFc4mJfK37P9Z1-oL",
  "time": "2024-11-05T16:20:58.753Z",
  "products": ["Image Search"],
  "activityControls": ["Web \u0026 App Activity"]
},{
  "header": "Image Search",
  "title": "Viewed image from pbs.twimg.com",
  "titleUrl": "https://www.google.com/url?q\u003dhttps://pbs.twimg.com/profile_images/990900943872057344/eCrDgxC6_400x400.jpg\u0026usg\u003dAOvVaw02EjKrL1qW0VkOCjBzAr7O",
  "time": "2024-10-29T18:49:49.705Z",
  "products": ["Image Search"],
  "activityControls": ["Web \u0026 App Activity"]
},{
  "header": "Image Search",
  "title": "Viewed image from techcrunch.com",
  "titleUrl": "https://www.google.com/url?q\u003dhttps://techcrunch.com/wp-content/uploads/2023/10/Hemant_Jeannette_3.jpg%3Fw%3D700\u0026usg\u003dAOvVaw1kv18G74gFY5msdMWpQFiQ",
  "time": "2024-10-08T21:08:47.691Z",
  "products": ["Image Search"],
  "activityControls": ["Web \u0026 App Activity"]
},{
  "header": "Image Search",
  "title": "Viewed image from static.vecteezy.com",
  "titleUrl": "https://www.google.com/url?q\u003dhttps://static.vecteezy.com/ti/gratis-vektor/p3/13760951-buntes-google-logo-im-dunklen-hintergrund-kostenlos-vektor.jpg\u0026usg\u003dAOvVaw0fdndauG0s495jRywP2dpG",
  "time": "2024-09-26T21:32:40.669Z",
  "products": ["Image Search"],
  "activityControls": ["Web \u0026 App Activity"]
},{
  "header": "Image Search",
  "title": "Viewed image from banner2.cleanpng.com",
  "titleUrl": "https://www.google.com/url?q\u003dhttps://banner2.cleanpng.com/20240216/jqb/transparent-google-logo-google-logo-blue-circle-with-g-1710875609249.webp\u0026usg\u003dAOvVaw3QeS6i2aWVp4iWNrG-7VED",
  "time": "2024-09-26T21:32:27.059Z",
  "products": ["Image Search"],
  "activityControls": ["Web \u0026 App Activity"]
},{
  "header": "Image Search",
  "title": "Viewed image from cdn.icon-icons.com",
  "titleUrl": "https://www.google.com/url?q\u003dhttps://cdn.icon-icons.com/icons2/1269/PNG/512/1497553309-101_84843.png\u0026usg\u003dAOvVaw1ZbwWvdfOXqRBShyKbpIhs",
  "time": "2024-09-26T21:32:19.272Z",
  "products": ["Image Search"],
  "activityControls": ["Web \u0026 App Activity"]
},{
  "header": "Image Search",
  "title": "Searched for google logo",
  "titleUrl": "https://www.google.com/search?q\u003dgoogle+logo\u0026udm\u003d2",
  "time": "2024-09-26T21:28:17.809Z",
  "products": ["Image Search"],
  "activityControls": ["Web \u0026 App Activity"]
},{
  "header": "Image Search",
  "title": "Viewed image from adaptivewfs.com",
  "titleUrl": "https://www.google.com/url?q\u003dhttps://www.adaptivewfs.com/wp-content/uploads/2020/07/logo-placeholder-image.png\u0026usg\u003dAOvVaw25szbdViAM4BYCd3N3pTM-",
  "time": "2024-09-26T18:47:49.975Z",
  "products": ["Image Search"],
  "activityControls": ["Web \u0026 App Activity"]
},{
  "header": "Image Search",
  "title": "Searched for placeholder logo",
  "titleUrl": "https://www.google.com/search?q\u003dplaceholder+logo\u0026udm\u003d2",
  "time": "2024-09-26T18:47:48.008Z",
  "products": ["Image Search"],
  "activityControls": ["Web \u0026 App Activity"]
},{
  "header": "Image Search",
  "title": "Searched for fashion logo svg",
  "titleUrl": "https://www.google.com/search?q\u003dfashion+logo+svg\u0026udm\u003d2",
  "time": "2024-09-26T18:47:29.801Z",
  "products": ["Image Search"],
  "activityControls": ["Web \u0026 App Activity"]
},{
  "header": "Image Search",
  "title": "Viewed image from designs.bobcares.com",
  "titleUrl": "https://www.google.com/url?q\u003dhttps://designs.bobcares.com/wp-content/uploads/2018/01/Dress-Up_new.png\u0026usg\u003dAOvVaw2mtcrFHMRD5oigLrtgxhjl",
  "time": "2024-09-26T18:47:10.785Z",
  "products": ["Image Search"],
  "activityControls": ["Web \u0026 App Activity"]
},{
  "header": "Image Search",
  "title": "Searched for fashion logo",
  "titleUrl": "https://www.google.com/search?q\u003dfashion+logo\u0026udm\u003d2",
  "time": "2024-09-26T18:46:38.486Z",
  "products": ["Image Search"],
  "activityControls": ["Web \u0026 App Activity"]
},{
  "header": "Image Search",
  "title": "Searched for logo",
  "titleUrl": "https://www.google.com/search?q\u003dlogo\u0026udm\u003d2",
  "time": "2024-09-26T18:46:25.750Z",
  "products": ["Image Search"],
  "activityControls": ["Web \u0026 App Activity"]
},{
  "header": "Image Search",
  "title": "Searched for online shop fashion ecommerce logo",
  "titleUrl": "https://www.google.com/search?q\u003donline+shop+fashion+ecommerce+logo\u0026udm\u003d2",
  "time": "2024-09-26T18:46:04.013Z",
  "products": ["Image Search"],
  "activityControls": ["Web \u0026 App Activity"]
},{
  "header": "Image Search",
  "title": "Searched for fashion ecommerce logo",
  "titleUrl": "https://www.google.com/search?q\u003dfashion+ecommerce+logo\u0026udm\u003d2",
  "time": "2024-09-26T18:45:56.318Z",
  "products": ["Image Search"],
  "activityControls": ["Web \u0026 App Activity"]
},{
  "header": "Image Search",
  "title": "Viewed image from c8.alamy.com",
  "titleUrl": "https://www.google.com/url?q\u003dhttps://c8.alamy.com/comp/2RXEAB1/clothing-logo-simple-style-shirt-design-clothing-store-vector-fashion-business-brand-and-template-icon-2RXEAB1.jpg\u0026usg\u003dAOvVaw3AFDh6_b2dveZLsjeANUPV",
  "time": "2024-09-26T18:45:17.413Z",
  "products": ["Image Search"],
  "activityControls": ["Web \u0026 App Activity"]
},{
  "header": "Image Search",
  "title": "Viewed image from cdn.dribbble.com",
  "titleUrl": "https://www.google.com/url?q\u003dhttps://cdn.dribbble.com/users/1859420/screenshots/17598798/media/30470ce468fb477736add0c7f5578088.jpg%3Fresize%3D400x300%26vertical%3Dcenter\u0026usg\u003dAOvVaw1IS9LlhSRm4cl3rbMxJ_Yj",
  "time": "2024-09-26T18:41:44.882Z",
  "products": ["Image Search"],
  "activityControls": ["Web \u0026 App Activity"]
},{
  "header": "Image Search",
  "title": "Searched for acme corp logo",
  "titleUrl": "https://www.google.com/search?q\u003dacme+corp+logo\u0026udm\u003d2",
  "time": "2024-09-26T18:40:51.892Z",
  "products": ["Image Search"],
  "activityControls": ["Web \u0026 App Activity"]
},{
  "header": "Image Search",
  "title": "Searched for log in with tiktok",
  "titleUrl": "https://www.google.com/search?q\u003dlog+in+with+tiktok\u0026udm\u003d2",
  "time": "2024-09-26T17:11:09.117Z",
  "products": ["Image Search"],
  "activityControls": ["Web \u0026 App Activity"]
},{
  "header": "Image Search",
  "title": "Viewed image from static.clideo.com",
  "titleUrl": "https://www.google.com/url?q\u003dhttps://static.clideo.com/files/content/how-to-log-in-to-tiktok.png\u0026usg\u003dAOvVaw1t5JVQWv6pfYwTu-n1w9mJ",
  "time": "2024-09-26T17:10:25.836Z",
  "products": ["Image Search"],
  "activityControls": ["Web \u0026 App Activity"]
},{
  "header": "Image Search",
  "title": "Viewed image from p16-va-tiktok.ibyteimg.com",
  "titleUrl": "https://www.google.com/url?q\u003dhttps://p16-va-tiktok.ibyteimg.com/obj/musically-maliva-obj/2bbb7085c31d563d307ea221468b9348.gif\u0026usg\u003dAOvVaw2zF99qO_6tu2jFESkVXBMd",
  "time": "2024-09-26T17:09:55.997Z",
  "products": ["Image Search"],
  "activityControls": ["Web \u0026 App Activity"]
},{
  "header": "Image Search",
  "title": "Viewed image from cdn.prod.website-files.com",
  "titleUrl": "https://www.google.com/url?q\u003dhttps://cdn.prod.website-files.com/6242172a7e2e2ede634bba2f/63650f91c5fb4267cb91a51f_005.webp\u0026usg\u003dAOvVaw1UWW4Zd0XPYPh8NYygQO0q",
  "time": "2024-09-26T17:06:42.609Z",
  "products": ["Image Search"],
  "activityControls": ["Web \u0026 App Activity"]
},{
  "header": "Image Search",
  "title": "Viewed image from static1.makeuseofimages.com",
  "titleUrl": "https://www.google.com/url?q\u003dhttps://static1.makeuseofimages.com/wordpress/wp-content/uploads/2022/04/Report-a-problem-on-Tiktok.jpg\u0026usg\u003dAOvVaw3PQYb8900K8dlTehC3FNiW",
  "time": "2024-09-26T17:06:22.097Z",
  "products": ["Image Search"],
  "activityControls": ["Web \u0026 App Activity"]
},{
  "header": "Image Search",
  "title": "Viewed image from p16-va-tiktok.ibyteimg.com",
  "titleUrl": "https://www.google.com/url?q\u003dhttps://p16-va-tiktok.ibyteimg.com/obj/musically-maliva-obj/3c6d4268ac7a416b383b6dc2a941d4c7.png\u0026usg\u003dAOvVaw0-k1UqX1JLGhUKiTF8DKZV",
  "time": "2024-09-26T17:06:10.914Z",
  "products": ["Image Search"],
  "activityControls": ["Web \u0026 App Activity"]
},{
  "header": "Image Search",
  "title": "Viewed image from p16-va-tiktok.ibyteimg.com",
  "titleUrl": "https://www.google.com/url?q\u003dhttps://p16-va-tiktok.ibyteimg.com/obj/musically-maliva-obj/2a81739e1b43f981b90480dc617b0a3b.png\u0026usg\u003dAOvVaw2_gP5J-czuCJV4v864nsef",
  "time": "2024-09-26T17:05:21.609Z",
  "products": ["Image Search"],
  "activityControls": ["Web \u0026 App Activity"]
},{
  "header": "Image Search",
  "title": "Viewed image from techcrunch.com",
  "titleUrl": "https://www.google.com/url?q\u003dhttps://techcrunch.com/wp-content/uploads/2021/05/Login-Kit-UI_Snack-.jpeg%3Fw%3D680\u0026usg\u003dAOvVaw3-EbMoNqkxZW9WkwqQtISO",
  "time": "2024-09-26T17:05:10.027Z",
  "products": ["Image Search"],
  "activityControls": ["Web \u0026 App Activity"]
},{
  "header": "Image Search",
  "title": "Viewed image from preview.redd.it",
  "titleUrl": "https://www.google.com/url?q\u003dhttps://preview.redd.it/3wa4voxqr2791.jpg%3Fwidth%3D530%26format%3Dpjpg%26auto%3Dwebp%26s%3Df6a7d9f9a9004428367b54bac953f3307a8c1dc6\u0026usg\u003dAOvVaw0yv-dy-5XLtLejB7wuVhQc",
  "time": "2024-09-26T17:05:03.500Z",
  "products": ["Image Search"],
  "activityControls": ["Web \u0026 App Activity"]
},{
  "header": "Image Search",
  "title": "Viewed image from hardreset.info",
  "titleUrl": "https://www.google.com/url?q\u003dhttps://www.hardreset.info/media/resetinfo/2020/287/dbd12a8e7fea4b2a8bcc36c31fb6869f/apps-tiktok.jpeg\u0026usg\u003dAOvVaw0y0F1IuvGVWgM6cELJgvV1",
  "time": "2024-09-26T17:05:00.280Z",
  "products": ["Image Search"],
  "activityControls": ["Web \u0026 App Activity"]
},{
  "header": "Image Search",
  "title": "Viewed image from images.pexels.com",
  "titleUrl": "https://www.google.com/url?q\u003dhttps://images.pexels.com/photos/5744245/pexels-photo-5744245.jpeg%3Fauto%3Dformat%252Ccompress%26fm%3Dwebp%26fit%3Dcrop%26crop%3Dfaces%252Cedges%26w%3D1200%26h%3D675%26q%3D60%26cs%3Dtinysrgb\u0026usg\u003dAOvVaw3a4EvBqxvpwl8FoB_M9JG0",
  "time": "2024-09-26T17:04:57.522Z",
  "products": ["Image Search"],
  "activityControls": ["Web \u0026 App Activity"]
},{
  "header": "Image Search",
  "title": "Viewed image from alphr.com",
  "titleUrl": "https://www.google.com/url?q\u003dhttps://www.alphr.com/wp-content/uploads/2020/09/IMG_13A4BA115B3A-1.jpg\u0026usg\u003dAOvVaw1tnLtcIfr6gkYp3BGG4FgP",
  "time": "2024-09-26T17:04:55.889Z",
  "products": ["Image Search"],
  "activityControls": ["Web \u0026 App Activity"]
},{
  "header": "Image Search",
  "title": "Viewed image from preview.redd.it",
  "titleUrl": "https://www.google.com/url?q\u003dhttps://preview.redd.it/ay12r3si2jy51.jpg%3Fwidth%3D640%26crop%3Dsmart%26auto%3Dwebp%26s%3D21f7d0ec8b102fa6467322ef6092544ddde8b882\u0026usg\u003dAOvVaw0PkMRT93boisKMYouLLy8l",
  "time": "2024-09-26T17:04:52.497Z",
  "products": ["Image Search"],
  "activityControls": ["Web \u0026 App Activity"]
},{
  "header": "Image Search",
  "title": "Viewed image from neliosoftware.com",
  "titleUrl": "https://www.google.com/url?q\u003dhttps://neliosoftware.com/es/wp-content/uploads/sites/3/2022/07/tiktok-login-screen.png\u0026usg\u003dAOvVaw3VvLaNK9hQdyk8DHmwGb2Z",
  "time": "2024-09-26T17:04:44.686Z",
  "products": ["Image Search"],
  "activityControls": ["Web \u0026 App Activity"]
},{
  "header": "Image Search",
  "title": "Viewed image from alphr.com",
  "titleUrl": "https://www.google.com/url?q\u003dhttps://www.alphr.com/wp-content/uploads/2020/09/IMG_27A2F2B5D619-1.jpg\u0026usg\u003dAOvVaw2d0J-VUQnvYea3p7fICzp8",
  "time": "2024-09-26T17:04:42.254Z",
  "products": ["Image Search"],
  "activityControls": ["Web \u0026 App Activity"]
},{
  "header": "Image Search",
  "title": "Viewed image from streamtoearn.io",
  "titleUrl": "https://www.google.com/url?q\u003dhttps://streamtoearn.io/images/stream-to-earn-requaer.jpg\u0026usg\u003dAOvVaw3QmkJjwK2Si3NIunmHF-is",
  "time": "2024-09-26T17:03:45.761Z",
  "products": ["Image Search"],
  "activityControls": ["Web \u0026 App Activity"]
},{
  "header": "Image Search",
  "title": "Viewed image from sf16-va.tiktokcdn.com",
  "titleUrl": "https://www.google.com/url?q\u003dhttps://sf16-va.tiktokcdn.com/obj/tiktok-open-platform/ttop_doc_images/f2a03b87439d9a115904194bbf656375\u0026usg\u003dAOvVaw3u5CXuQBvZkmmTKnv1STRV",
  "time": "2024-09-26T17:03:17.577Z",
  "products": ["Image Search"],
  "activityControls": ["Web \u0026 App Activity"]
},{
  "header": "Image Search",
  "title": "Viewed image from api.blog.production.linktr.ee",
  "titleUrl": "https://www.google.com/url?q\u003dhttps://api.blog.production.linktr.ee/wp-content/uploads/2022/10/02_TikTok.png\u0026usg\u003dAOvVaw1X5fJw7arIYIm7pkSYBdzJ",
  "time": "2024-09-26T17:03:12.718Z",
  "products": ["Image Search"],
  "activityControls": ["Web \u0026 App Activity"]
},{
  "header": "Image Search",
  "title": "Searched for tiktok link kit",
  "titleUrl": "https://www.google.com/search?q\u003dtiktok+link+kit\u0026udm\u003d2",
  "time": "2024-09-26T17:03:07.854Z",
  "products": ["Image Search"],
  "activityControls": ["Web \u0026 App Activity"]
},{
  "header": "Image Search",
  "title": "Viewed image from cdn.pixabay.com",
  "titleUrl": "https://www.google.com/url?q\u003dhttps://cdn.pixabay.com/photo/2021/06/15/12/28/tiktok-6338429_960_720.png\u0026usg\u003dAOvVaw0_o-vhVkRtPBoeO7xtRl-q",
  "time": "2024-09-23T17:39:35.682Z",
  "products": ["Image Search"],
  "activityControls": ["Web \u0026 App Activity"]
},{
  "header": "Image Search",
  "title": "Searched for tiktok logo",
  "titleUrl": "https://www.google.com/search?q\u003dtiktok+logo\u0026udm\u003d2",
  "time": "2024-09-23T17:39:29.320Z",
  "products": ["Image Search"],
  "activityControls": ["Web \u0026 App Activity"]
},{
  "header": "Image Search",
  "title": "Viewed image from play-lh.googleusercontent.com",
  "titleUrl": "https://www.google.com/url?q\u003dhttps://play-lh.googleusercontent.com/LswAC39aLQzgD5R0PNxabrKiU4gvmWVrZcXrEGIRh80Xv69WtRyjgYW8nZcqvzJ5L2Q\u0026usg\u003dAOvVaw3fgBy0DmDKxGbSbIDBymRJ",
  "time": "2024-09-19T00:51:33.796Z",
  "products": ["Image Search"],
  "activityControls": ["Web \u0026 App Activity"]
},{
  "header": "Image Search",
  "title": "Searched for netaporter app logo",
  "titleUrl": "https://www.google.com/search?q\u003dnetaporter+app+logo\u0026udm\u003d2",
  "time": "2024-09-19T00:50:00.677Z",
  "products": ["Image Search"],
  "activityControls": ["Web \u0026 App Activity"]
},{
  "header": "Image Search",
  "title": "Viewed image from d2u4q3iydaupsp.cloudfront.net",
  "titleUrl": "https://www.google.com/url?q\u003dhttps://d2u4q3iydaupsp.cloudfront.net/yeKKyNx4ZIbTl7301awvz99R3RnHoqGb888ecVpCmIQlqEDnrOr3KTw4CVSkijnGnQIievx31XdgJlYh3KFoMdbTXUOFpVH8yUpncB7OkJyQJi9ugy3rDRBLPpzS3xvW\u0026usg\u003dAOvVaw2aunG0yuDnEC1tv_pvDE1N",
  "time": "2024-09-15T03:32:39.679Z",
  "products": ["Image Search"],
  "activityControls": ["Web \u0026 App Activity"]
},{
  "header": "Image Search",
  "title": "Searched for University of Canterbury",
  "titleUrl": "https://www.google.com/search?q\u003dUniversity+of+Canterbury\u0026udm\u003d2",
  "time": "2024-09-15T03:32:31.992Z",
  "products": ["Image Search"],
  "activityControls": ["Web \u0026 App Activity"]
},{
  "header": "Image Search",
  "title": "Viewed image from upload.wikimedia.org",
  "titleUrl": "https://www.google.com/url?q\u003dhttps://upload.wikimedia.org/wikipedia/commons/thumb/f/f1/FNZ_Logo.svg/1200px-FNZ_Logo.svg.png\u0026usg\u003dAOvVaw13HFJ4KovBsCd_DX93G7sh",
  "time": "2024-09-15T03:30:42.557Z",
  "products": ["Image Search"],
  "activityControls": ["Web \u0026 App Activity"]
},{
  "header": "Image Search",
  "title": "Searched for fnz group",
  "titleUrl": "https://www.google.com/search?q\u003dfnz+group\u0026udm\u003d2",
  "time": "2024-09-15T03:30:36.898Z",
  "products": ["Image Search"],
  "activityControls": ["Web \u0026 App Activity"]
},{
  "header": "Image Search",
  "title": "Viewed image from bi.team",
  "titleUrl": "https://www.google.com/url?q\u003dhttps://www.bi.team/wp-content/uploads/2023/05/ETH-logo-cropped.jpg\u0026usg\u003dAOvVaw0CCKCkXj15qK8vBHLGKTJj",
  "time": "2024-09-15T03:29:19.352Z",
  "products": ["Image Search"],
  "activityControls": ["Web \u0026 App Activity"]
},{
  "header": "Image Search",
  "title": "Viewed image from ethz.ch",
  "titleUrl": "https://www.google.com/url?q\u003dhttps://ethz.ch/staffnet/en/service/communication/corporate-design/logo/_jcr_content/par/image/image.imageformat.1286.1905111406.png\u0026usg\u003dAOvVaw2NlvzvTbVF0ffSEJ2RRVAk",
  "time": "2024-09-15T03:29:14.225Z",
  "products": ["Image Search"],
  "activityControls": ["Web \u0026 App Activity"]
},{
  "header": "Image Search",
  "title": "Viewed image from bionic-vision.org",
  "titleUrl": "https://www.google.com/url?q\u003dhttps://www.bionic-vision.org/images/logos/institutions/eth-zurich.jpg\u0026usg\u003dAOvVaw3LJT9WR8gVgbH-yJUyDL6T",
  "time": "2024-09-15T03:29:07.924Z",
  "products": ["Image Search"],
  "activityControls": ["Web \u0026 App Activity"]
},{
  "header": "Image Search",
  "title": "Viewed image from designyourway.net",
  "titleUrl": "https://www.google.com/url?q\u003dhttps://www.designyourway.net/blog/wp-content/uploads/2024/04/the-meaning-behind-the-ETH-zurich-logo.jpg\u0026usg\u003dAOvVaw3J8R7O8rY9Jl8FJKb2QLcU",
  "time": "2024-09-15T03:28:59.581Z",
  "products": ["Image Search"],
  "activityControls": ["Web \u0026 App Activity"]
},{
  "header": "Image Search",
  "title": "Viewed image from upload.wikimedia.org",
  "titleUrl": "https://www.google.com/url?q\u003dhttps://upload.wikimedia.org/wikipedia/commons/thumb/a/a7/ETH_Z%25C3%25BCrich_Logo_white.svg/2560px-ETH_Z%25C3%25BCrich_Logo_white.svg.png\u0026usg\u003dAOvVaw0YPmT-fN1Om_GwJecJDLAG",
  "time": "2024-09-15T03:28:30.094Z",
  "products": ["Image Search"],
  "activityControls": ["Web \u0026 App Activity"]
},{
  "header": "Image Search",
  "title": "Viewed image from upload.wikimedia.org",
  "titleUrl": "https://www.google.com/url?q\u003dhttps://upload.wikimedia.org/wikipedia/commons/thumb/9/99/ETH_Z%25C3%25BCrich_Logo_black.svg/2560px-ETH_Z%25C3%25BCrich_Logo_black.svg.png\u0026usg\u003dAOvVaw24lZm34WOOPkI1uwn06Fm2",
  "time": "2024-09-15T03:28:20.044Z",
  "products": ["Image Search"],
  "activityControls": ["Web \u0026 App Activity"]
},{
  "header": "Image Search",
  "title": "Searched for eth zurich logo",
  "titleUrl": "https://www.google.com/search?q\u003deth+zurich+logo\u0026udm\u003d2",
  "time": "2024-09-15T03:28:17.112Z",
  "products": ["Image Search"],
  "activityControls": ["Web \u0026 App Activity"]
},{
  "header": "Image Search",
  "title": "Viewed image from cryptologos.cc",
  "titleUrl": "https://www.google.com/url?q\u003dhttps://cryptologos.cc/logos/internet-computer-icp-logo.svg%3Fv%3D034\u0026usg\u003dAOvVaw0ovMcP6BOqDtU7truR2Hqy",
  "time": "2024-09-15T03:27:41.302Z",
  "products": ["Image Search"],
  "activityControls": ["Web \u0026 App Activity"]
},{
  "header": "Image Search",
  "title": "Viewed image from logowik.com",
  "titleUrl": "https://www.google.com/url?q\u003dhttps://logowik.com/content/uploads/images/internet-computer-icp-dfinity1484.jpg\u0026usg\u003dAOvVaw0W1LQ88HeWyU7WHJP40T-G",
  "time": "2024-09-15T03:27:13.861Z",
  "products": ["Image Search"],
  "activityControls": ["Web \u0026 App Activity"]
},{
  "header": "Image Search",
  "title": "Viewed image from cryptologos.cc",
  "titleUrl": "https://www.google.com/url?q\u003dhttps://cryptologos.cc/logos/internet-computer-icp-logo.png\u0026usg\u003dAOvVaw1RryFrd-M3otSKwNMYsW1k",
  "time": "2024-09-15T03:27:08.145Z",
  "products": ["Image Search"],
  "activityControls": ["Web \u0026 App Activity"]
},{
  "header": "Image Search",
  "title": "Searched for internet computer logo",
  "titleUrl": "https://www.google.com/search?q\u003dinternet+computer+logo\u0026udm\u003d2",
  "time": "2024-09-15T03:27:01.311Z",
  "products": ["Image Search"],
  "activityControls": ["Web \u0026 App Activity"]
},{
  "header": "Image Search",
  "title": "Viewed image from upload.wikimedia.org",
  "titleUrl": "https://www.google.com/url?q\u003dhttps://upload.wikimedia.org/wikipedia/commons/1/14/King%2527s_College_London_logo.svg\u0026usg\u003dAOvVaw1p2ABhbUXIgdrsWJoPdvjZ",
  "time": "2024-09-15T03:25:43.079Z",
  "products": ["Image Search"],
  "activityControls": ["Web \u0026 App Activity"]
},{
  "header": "Image Search",
  "title": "Searched for kings collage london logo",
  "titleUrl": "https://www.google.com/search?q\u003dkings+collage+london+logo\u0026udm\u003d2",
  "time": "2024-09-15T03:25:24.725Z",
  "products": ["Image Search"],
  "activityControls": ["Web \u0026 App Activity"]
},{
  "header": "Image Search",
  "title": "Viewed image from studentgoodguide.com",
  "titleUrl": "https://www.google.com/url?q\u003dhttps://www.studentgoodguide.com/wp-content/uploads/2024/01/how-to-get-into-kings-college-london.webp\u0026usg\u003dAOvVaw0aM_zIaN4a_NF7kEhy6ivj",
  "time": "2024-09-15T03:25:19.586Z",
  "products": ["Image Search"],
  "activityControls": ["Web \u0026 App Activity"]
},{
  "header": "Image Search",
  "title": "Viewed image from timeshighereducation.com",
  "titleUrl": "https://www.google.com/url?q\u003dhttps://www.timeshighereducation.com/sites/default/files/Pictures/web/b/l/i/students-gathered-outside-kings-college-london.jpg\u0026usg\u003dAOvVaw2zL77ebDVhT9FE8kHYACjn",
  "time": "2024-09-15T03:25:18.614Z",
  "products": ["Image Search"],
  "activityControls": ["Web \u0026 App Activity"]
},{
  "header": "Image Search",
  "title": "Viewed image from i0.wp.com",
  "titleUrl": "https://www.google.com/url?q\u003dhttps://i0.wp.com/www.society19.com/uk/wp-content/uploads/sites/5/2018/09/kings-college.jpg%3Ffit%3D1600%252C1200%26ssl%3D1\u0026usg\u003dAOvVaw2UX0hWvJdP9wmWD2v7_Xey",
  "time": "2024-09-15T03:25:15.543Z",
  "products": ["Image Search"],
  "activityControls": ["Web \u0026 App Activity"]
},{
  "header": "Image Search",
  "title": "Viewed image from upload.wikimedia.org",
  "titleUrl": "https://www.google.com/url?q\u003dhttps://upload.wikimedia.org/wikipedia/commons/thumb/1/11/King%2527s_College_London_Chapel_2%252C_London_-_Diliff.jpg/800px-King%2527s_College_London_Chapel_2%252C_London_-_Diliff.jpg\u0026usg\u003dAOvVaw2rpmGcni2ilcibyOdSiv5N",
  "time": "2024-09-15T03:25:02.208Z",
  "products": ["Image Search"],
  "activityControls": ["Web \u0026 App Activity"]
},{
  "header": "Image Search",
  "title": "Viewed image from images.collegedunia.com",
  "titleUrl": "https://www.google.com/url?q\u003dhttps://images.collegedunia.com/public/college_data/images/studyabroad/appImage/college_836_16-12:54_kings-colleg-london-5.jpeg\u0026usg\u003dAOvVaw1AnFaEn7-3nGQrpPBCQcSW",
  "time": "2024-09-15T03:25:01.558Z",
  "products": ["Image Search"],
  "activityControls": ["Web \u0026 App Activity"]
},{
  "header": "Image Search",
  "title": "Viewed image from d25hwkr75zzfa.cloudfront.net",
  "titleUrl": "https://www.google.com/url?q\u003dhttps://d25hwkr75zzfa.cloudfront.net/store/photo/large/building_847_maughan-library-1-2-red-flag-even-smaller_bfd3f3db325114b9bfe2b7682dbfd05d.jpg\u0026usg\u003dAOvVaw3yfVbq5mvz7w2_rrNfGVxw",
  "time": "2024-09-15T03:24:59.493Z",
  "products": ["Image Search"],
  "activityControls": ["Web \u0026 App Activity"]
},{
  "header": "Image Search",
  "title": "Searched for kings collage london",
  "titleUrl": "https://www.google.com/search?q\u003dkings+collage+london\u0026udm\u003d2",
  "time": "2024-09-15T03:24:55.792Z",
  "products": ["Image Search"],
  "activityControls": ["Web \u0026 App Activity"]
},{
  "header": "Image Search",
  "title": "Searched for barclays investment bank",
  "titleUrl": "https://www.google.com/search?q\u003dbarclays+investment+bank\u0026udm\u003d2",
  "time": "2024-09-15T03:24:26.112Z",
  "products": ["Image Search"],
  "activityControls": ["Web \u0026 App Activity"]
},{
  "header": "Image Search",
  "title": "Viewed image from eco-cdn.iqpc.com",
  "titleUrl": "https://www.google.com/url?q\u003dhttps://eco-cdn.iqpc.com/eco/images/partners/rEnnAxjkTN6ZCfpGg1AoWstaOsqf7UDWyY7yuh47.png\u0026usg\u003dAOvVaw2zhj7vvVMyFKXjTj429NeY",
  "time": "2024-09-15T03:17:27.743Z",
  "products": ["Image Search"],
  "activityControls": ["Web \u0026 App Activity"]
},{
  "header": "Image Search",
  "title": "Searched for unidays",
  "titleUrl": "https://www.google.com/search?q\u003dunidays\u0026udm\u003d2",
  "time": "2024-09-15T03:17:22.467Z",
  "products": ["Image Search"],
  "activityControls": ["Web \u0026 App Activity"]
},{
  "header": "Image Search",
  "title": "Viewed image from upload.wikimedia.org",
  "titleUrl": "https://www.google.com/url?q\u003dhttps://upload.wikimedia.org/wikipedia/commons/4/44/Poshmark_logo.png\u0026usg\u003dAOvVaw3gObkLMa3UvJ4boLCBPeK-",
  "time": "2024-09-15T03:15:28.589Z",
  "products": ["Image Search"],
  "activityControls": ["Web \u0026 App Activity"]
},{
  "header": "Image Search",
  "title": "Viewed image from d2gjrq7hs8he14.cloudfront.net",
  "titleUrl": "https://www.google.com/url?q\u003dhttps://d2gjrq7hs8he14.cloudfront.net/webpack4/logo-poshmark-magenta%402x-817f6e64db4f84be0421a7e07ca9a86c1c88fd3e7dfa5ef7f9e4231ddd0fdc99.png\u0026usg\u003dAOvVaw2PhDX7uQ5Cuf36AxNI2EUj",
  "time": "2024-09-15T03:15:20.670Z",
  "products": ["Image Search"],
  "activityControls": ["Web \u0026 App Activity"]
},{
  "header": "Image Search",
  "title": "Viewed image from imply.io",
  "titleUrl": "https://www.google.com/url?q\u003dhttps://imply.io/wp-content/uploads/2023/04/logo-Poshmark-case-studies.jpg\u0026usg\u003dAOvVaw2dSeu03qKyRLPnf2KkmlcR",
  "time": "2024-09-15T03:14:28.154Z",
  "products": ["Image Search"],
  "activityControls": ["Web \u0026 App Activity"]
},{
  "header": "Image Search",
  "title": "Searched for poshmark",
  "titleUrl": "https://www.google.com/search?q\u003dposhmark\u0026udm\u003d2",
  "time": "2024-09-15T03:14:22.444Z",
  "products": ["Image Search"],
  "activityControls": ["Web \u0026 App Activity"]
},{
  "header": "Image Search",
  "title": "Viewed image from intelligenthq.com",
  "titleUrl": "https://www.google.com/url?q\u003dhttps://www.intelligenthq.com/wp-content/uploads/2020/05/Ben-Goertzel-Founder-SingularityNet-OpenCog-%25E2%2580%2593-Benevolent-AI-And-Singularity-Engineering-The-Mind-Of-The-Future.jpg\u0026usg\u003dAOvVaw0SYPaBcrgwljL1WgwYYDPW",
  "time": "2024-09-12T01:07:37.007Z",
  "products": ["Image Search"],
  "activityControls": ["Web \u0026 App Activity"]
},{
  "header": "Image Search",
  "title": "Viewed image from modernconsensus.com",
  "titleUrl": "https://www.google.com/url?q\u003dhttps://modernconsensus.com/wp-content/uploads/2020/11/BenGoertzel2_viaSingularityNet.jpeg\u0026usg\u003dAOvVaw2-uwT3cc-YXtltXljS_Vze",
  "time": "2024-09-12T01:07:25.072Z",
  "products": ["Image Search"],
  "activityControls": ["Web \u0026 App Activity"]
},{
  "header": "Image Search",
  "title": "Searched for singularitynet founder",
  "titleUrl": "https://www.google.com/search?q\u003dsingularitynet+founder\u0026udm\u003d2",
  "time": "2024-09-12T01:07:20.911Z",
  "products": ["Image Search"],
  "activityControls": ["Web \u0026 App Activity"]
},{
  "header": "Image Search",
  "title": "Viewed image from themehunk.com",
  "titleUrl": "https://www.google.com/url?q\u003dhttps://themehunk.com/wp-content/uploads/2021/06/women-fashion-shop-demo-image.png\u0026usg\u003dAOvVaw3hbwHEvchF1y7urgKdBkWc",
  "time": "2024-08-19T03:54:10.067Z",
  "products": ["Image Search"],
  "activityControls": ["Web \u0026 App Activity"]
},{
  "header": "Image Search",
  "title": "Viewed image from ucarecdn.com",
  "titleUrl": "https://www.google.com/url?q\u003dhttps://ucarecdn.com/a193d453-4f4c-422d-81fc-e42c71158ae6/\u0026usg\u003dAOvVaw2ZKvgeji_ZrDMPYDD6lBhw",
  "time": "2024-08-19T03:54:02.534Z",
  "products": ["Image Search"],
  "activityControls": ["Web \u0026 App Activity"]
},{
  "header": "Image Search",
  "title": "Viewed image from s.tmimgcdn.com",
  "titleUrl": "https://www.google.com/url?q\u003dhttps://s.tmimgcdn.com/scr/400x250/79200/suitup-fashion-store-free-elegant-shopify-theme_79265-original.jpg\u0026usg\u003dAOvVaw3xTaG44Oapw-lM7Mgpobjr",
  "time": "2024-08-19T03:53:55.984Z",
  "products": ["Image Search"],
  "activityControls": ["Web \u0026 App Activity"]
},{
  "header": "Image Search",
  "title": "Viewed image from themehunk.com",
  "titleUrl": "https://www.google.com/url?q\u003dhttps://themehunk.com/wp-content/uploads/2022/02/fashion-shop-mania.png\u0026usg\u003dAOvVaw3fcyFJzovqdwaQOjztmd1B",
  "time": "2024-08-19T03:53:53.937Z",
  "products": ["Image Search"],
  "activityControls": ["Web \u0026 App Activity"]
},{
  "header": "Image Search",
  "title": "Viewed image from essential-addons.com",
  "titleUrl": "https://www.google.com/url?q\u003dhttps://essential-addons.com/wp-content/uploads/2021/05/Banner-2.jpg\u0026usg\u003dAOvVaw2PXkUosYeAhdV6rWE0_TmL",
  "time": "2024-08-19T03:53:50.393Z",
  "products": ["Image Search"],
  "activityControls": ["Web \u0026 App Activity"]
},{
  "header": "Image Search",
  "title": "Viewed image from colorlib.com",
  "titleUrl": "https://www.google.com/url?q\u003dhttps://colorlib.com/wp/wp-content/uploads/sites/2/free-fashion-website-templates.jpg\u0026usg\u003dAOvVaw2ilUJq__9ow6l7tMuD8q_b",
  "time": "2024-08-19T03:53:26.111Z",
  "products": ["Image Search"],
  "activityControls": ["Web \u0026 App Activity"]
},{
  "header": "Image Search",
  "title": "Searched for fashion retailer demo website",
  "titleUrl": "https://www.google.com/search?q\u003dfashion+retailer+demo+website\u0026udm\u003d2",
  "time": "2024-08-19T03:53:18.877Z",
  "products": ["Image Search"],
  "activityControls": ["Web \u0026 App Activity"]
}]