{
  "creationTime": "2024-11-24T12:33:46.536880Z",
  "totalSize": "402775",
  "serviceStatus": [{
    "service": {
      "name": "MY_ACTIVITY"
    },
    "localizedServiceName": "My Activity",
    "isIncomplete": false,
    "extractedFile": [{
      "name": "Image Search",
      "extension": "",
      "state": "SUCCESS",
      "childFile": [{
        "name": "MyActivity.json",
        "extension": "json",
        "state": "SUCCESS",
        "urlSafeName": "MyActivity.json"
      }],
      "urlSafeName": "Image%20Search"
    }, {
      "name": "Search",
      "extension": "",
      "state": "SUCCESS",
      "childFile": [{
        "name": "MyActivity.json",
        "extension": "json",
        "state": "SUCCESS",
        "urlSafeName": "MyActivity.json"
      }],
      "urlSafeName": "Search"
    }],
    "folderName": "My Activity",
    "serviceInformation": {
      "name": "My Activity",
      "briefDescription": {
        "privateDoNotAccessOrElseSafeHtmlWrappedValue": "Records of your activity data, along with image and audio attachments."
      },
      "promoText": {
        "privateDoNotAccessOrElseSafeHtmlWrappedValue": "Not all data displayed on \u003ca href\u003d\"https://myactivity.google.com/myactivity\" target\u003d\"_blank\"\u003eMy Activity\u003c/a\u003e is available for your archive."
      },
      "folderStructure": {
        "privateDoNotAccessOrElseSafeHtmlWrappedValue": "The export contains one folder for each Google product that records activity.  This folder will contain an HTML file with the record of the activity, and any related image or audio attachments."
      },
      "reviewUrls": [{
        "description": {
          "privateDoNotAccessOrElseSafeHtmlWrappedValue": "Review your Activity Data"
        },
        "url": "https://myactivity.google.com/myactivity"
      }],
      "userDataControlUrls": [{
        "description": {
          "privateDoNotAccessOrElseSafeHtmlWrappedValue": "Choose which settings you want to save data to your Google Account"
        },
        "url": "https://myaccount.google.com/activitycontrols"
      }],
      "objectsExported": [{
        "name": "Activity records",
        "shortExplanation": {
          "privateDoNotAccessOrElseSafeHtmlWrappedValue": "Timestamped records of your activity across different Google Products"
        },
        "outputFormats": [{
          "name": "HTML"
        }, {
          "name": "JSON"
        }]
      }, {
        "name": "Image attachments",
        "shortExplanation": {
          "privateDoNotAccessOrElseSafeHtmlWrappedValue": "Images related to your activity records"
        },
        "outputFormats": [{
          "name": ""
        }, {
          "name": ""
        }, {
          "name": ""
        }]
      }, {
        "name": "Audio attachments",
        "shortExplanation": {
          "privateDoNotAccessOrElseSafeHtmlWrappedValue": "Audio files related to your activity records"
        },
        "outputFormats": [{
          "name": "MPEG"
        }]
      }, {
        "name": "CSV attachments",
        "shortExplanation": {
          "privateDoNotAccessOrElseSafeHtmlWrappedValue": "CSV files related to your activity records"
        },
        "outputFormats": [{
          "name": "CSV"
        }]
      }]
    },
    "deletedFileCount": "0",
    "extractedFileTotal": "2",
    "extractedFileSize": "402775"
  }]
}